model,score_test,score_val,eval_metric,pred_time_test,pred_time_val,fit_time,pred_time_test_marginal,pred_time_val_marginal,fit_time_marginal,stack_level,can_infer,fit_order
RandomForestMSE,-10026.562286059918,-21578.174200359917,root_mean_squared_error,1.0721948146820068,0.20332050323486328,76.45256853103638,1.0721948146820068,0.20332050323486328,76.45256853103638,1,True,3
ExtraTreesMSE,-10456.87296089554,-22358.50081163545,root_mean_squared_error,1.1586980819702148,0.2503852844238281,86.9773530960083,1.1586980819702148,0.2503852844238281,86.9773530960083,1,True,4
LightGBMLarge,-12162.918646725937,-21209.850780586614,root_mean_squared_error,0.20842862129211426,0.034557342529296875,4.292102336883545,0.20842862129211426,0.034557342529296875,4.292102336883545,1,True,6
WeightedEnsemble_L2,-17369.999524623,-20819.14468720252,root_mean_squared_error,1.897047996520996,0.36014246940612793,107.42911958694458,0.008160829544067383,0.0,0.026347875595092773,2,True,7
LightGBM,-17371.413521844024,-20914.939336484495,root_mean_squared_error,0.12816476821899414,0.030687808990478516,1.7054762840270996,0.12816476821899414,0.030687808990478516,1.7054762840270996,1,True,2
XGBoost,-17639.44967298476,-21090.66972443101,root_mean_squared_error,0.4698312282562256,0.05109000205993652,5.125684022903442,0.4698312282562256,0.05109000205993652,5.125684022903442,1,True,5
LightGBMXT,-18488.533110939916,-20885.902549707436,root_mean_squared_error,0.13219308853149414,0.027979373931884766,13.594258308410645,0.13219308853149414,0.027979373931884766,13.594258308410645,1,True,1
